Id,Titulo,Copias,Familia,Tipo,Nivel,Resistencia,Vida,Ataque,Efecto1,Efecto2,Efecto3,Accion1,Accion2,Accion3,Nemesis,Flavor1,Imagen,Info
2,El Minotauro,,Bestia,Antagonista,,1,13,3,,,,Daño,Carga,,Reparte 2 #herida entre el grupo.,,,
3,Acólito de Tzeentch,,Caos,Élite,3,1,5,2,"Mientras un héroe esté enfrentado a este enemigo, no puede descartarse del estado Hemorragia ni del estado Enfermedad.",,,Avance,,,,,,
4,Acólito de Tzeentch,,Caos,,3,1,4,1,"Mientras un héroe esté enfrentado a este enemigo, no puede descartarse del estado Hemorragia ni del estado Enfermedad.",,,Avance,,,,,,
5,Acólito de Tzeentch,,Caos,,3,1,4,1,"Mientras un héroe esté enfrentado a este enemigo, no puede descartarse del estado Hemorragia ni del estado Enfermedad.",,,Avance,,,,,,
6,Guerrero del caos de Tzeentch,,Caos,Élite,3,3,3,3,Este enemigo solamente puede agotarse después de activarse.,,,Avance,Daño,,,"""¡Hay oh mundo! La edad de los mortales está llegando a su fin. El tiempo pasa al olvido y las estrellas caen del cielo. La espantosa raza de la noche, se arrastra desde las tinieblas para tomar posesión del mundo. ¡Insensatos! Buscad refugio en la fe o la locura, porque ya no hay otro lugar donde esconderse...¡El reinado del Caos ha comenzado!...""",,
7,Guerrero del caos de Tzeentch,,Caos,,3,3,2,2,Este enemigo solamente puede agotarse después de activarse.,,,Avance,Daño,,,"""¡Hay oh mundo! La edad de los mortales está llegando a su fin. El tiempo pasa al olvido y las estrellas caen del cielo. La espantosa raza de la noche, se arrastra desde las tinieblas para tomar posesión del mundo. ¡Insensatos! Buscad refugio en la fe o la locura, porque ya no hay otro lugar donde esconderse...¡El reinado del Caos ha comenzado!...""",,
8,Guerrero del caos de Tzeentch,,Caos,,3,3,2,2,Este enemigo solamente puede agotarse después de activarse.,,,Avance,Daño,,,"""¡Hay oh mundo! La edad de los mortales está llegando a su fin. El tiempo pasa al olvido y las estrellas caen del cielo. La espantosa raza de la noche, se arrastra desde las tinieblas para tomar posesión del mundo. ¡Insensatos! Buscad refugio en la fe o la locura, porque ya no hay otro lugar donde esconderse...¡El reinado del Caos ha comenzado!...""",,
9,Mago de Tzeentch,,Caos,Élite,3,1,5,3,,,,Avance,Daño,Maldición,,,,
10,Mago de Tzeentch,,Caos,,3,1,4,2,,,,Avance,Daño,Maldición,,,,
11,Mago de Tzeentch,,Caos,,3,1,4,2,,,,Avance,Daño,Maldición,,,,
12,"Ta-Ral, Señor del Cambio",,Caos,Antagonista,,2,10,4,,,,Confusión,Arremeter,,Sufres 1 #herida .,,,
13,Wartusk,,Criatura,Élite,2,1,3,3,,,,Desafío,,,,,,
14,Wartusk,,Criatura,,2,1,2,2,,,,Desafío,,,,,,
15,Wartusk,,Criatura,,2,1,2,2,,,,Desafío,,,,,,
16,Enjambre de arañas,,Criatura,Élite,1,0,3,2,"Mientras los héroes estén enfrentado a éste enemigo, no pueden realizar la acción de Exploración, ni viajar a un nuevo lugar.",,,Avance,Daño,,,"""Un enjambre de arañas gigantes aparece desde las gruesas telarañas, rodeando a los héroes.""",,
17,Enjambre de arañas,,Criatura,,1,0,2,1,"Mientras los héroes estén enfrentado a éste enemigo, no pueden realizar la acción de Exploración, ni viajar a un nuevo lugar.",,,Avance,Daño,,,"""Un enjambre de arañas gigantes aparece desde las gruesas telarañas, rodeando a los héroes.""",,
18,Enjambre de arañas,,Criatura,,1,0,2,1,"Mientras los héroes estén enfrentado a éste enemigo, no pueden realizar la acción de Exploración, ni viajar a un nuevo lugar.",,,Avance,Daño,,,"""Un enjambre de arañas gigantes aparece desde las gruesas telarañas, rodeando a los héroes.""",,
19,Reina araña,,Criatura,Antagonista,,1,9,3,,,,Avance,Daño,Veneno,Aparece una araña al azar en las sombras desde la pila de descartes.,,,
20,Cienpíes gigante,,Criatura,Élite,2,1,2,2,,,,Avance,Daño,Veneno,,"""Algunas criaturas de este laberinto han crecido hasta alcanzar un tamaño monstruoso.""",,
21,Cienpíes gigante,,Criatura,,2,0,2,2,,,,Avance,Daño,Veneno,,"""Algunas criaturas de este laberinto han crecido hasta alcanzar un tamaño monstruoso.""",,
22,Cienpíes gigante,,Criatura,,2,0,2,2,,,,Avance,Daño,Veneno,,"""Algunas criaturas de este laberinto han crecido hasta alcanzar un tamaño monstruoso.""",,
23,Gobbla,,Criatura,Antagonista,,1,15,4,"Al final de la fase de Enemigos, si este enemigo tiene al menos 1 #herida, está enfrentado a un héroe y hay un enemigo de rango I enfrentado a ese mismo héroe, descarta al enemigo de rango I y luego este enemigo recupera todas sus #herida.",,,Avance,Daño,Mordisco,Este enemigo se enfrenta al héroe con menos #herida .,,,
24,Troll,,Criatura,Élite,3,0,6,4,,,,Avance,Regeneración élite,,,"""Lo suficientemente inteligentes para entender quíen es un potencila alimento.""",,
25,Troll,,Criatura,,3,0,6,3,,,,Avance,Regeneración,,,"""Lo suficientemente inteligentes para entender quíen es un potencila alimento.""",,
26,Troll,,Criatura,,3,0,6,3,,,,Avance,Regeneración,,,"""Lo suficientemente inteligentes para entender quíen es un potencila alimento.""",,
27,Araña reina sombría,,Criatura,Élite,2,0,0,2,,,,Al acecho,,,,,https://i.imgur.com/I62xHDz.png,
28,Araña reina sombría,,Criatura,,2,0,0,1,,,,Al acecho,,,,,,
29,Araña reina sombría,,Criatura,,2,0,0,1,,,,Al acecho,,,,,,
30,Garrapato cavernícola,,Criatura,Élite,1,0,2,2,,,,Avance,Daño,Laceración,,"""Los garrapatos cavernícolas son pequeñas criaturas agresivas con dientes afilados. Viven dentro de las cuevas infestadas de hongos junto a los goblins nocturnos.""",,
31,Garrapato cavernícola,,Criatura,,1,0,2,1,,,,Avance,Daño,Laceración,,"""Los garrapatos cavernícolas son pequeñas criaturas agresivas con dientes afilados. Viven dentro de las cuevas infestadas de hongos junto a los goblins nocturnos.""",,
32,Garrapato cavernícola,,Criatura,,1,0,2,1,,,,Avance,Daño,Laceración,,"""Los garrapatos cavernícolas son pequeñas criaturas agresivas con dientes afilados. Viven dentro de las cuevas infestadas de hongos junto a los goblins nocturnos.""",,
33,Troll de piedra,,Criatura,,3,0,9,3,Este enemigo no puede agotarse ni retirarse por el efecto de la acción de un héroe.,,,Avance,Daño,,,"""Los trolls de pieddra son criaturas grandes y pesadas que viven exclusivamente en cuevas y regiones montañosas. A veces, son capturados y entrenados por goblins para luchar por ellos.""",,
34,Jauría de perros rabiosos,,Criatura,,1,0,2,2,Aplica -1 al ataque de este enemigo por cada #herida que halla sufrido.,,,Avance,,,,"""Estos animales no han sido alimentados desde hace bastante tiempo. Es decir, hasta ahora.""",,
35,Jauría de perros rabiosos,,Criatura,,1,0,2,2,Aplica -1 al ataque de este enemigo por cada #herida que halla sufrido.,,,Avance,,,,"""Estos animales no han sido alimentados desde hace bastante tiempo. Es decir, hasta ahora.""",,
36,Jauría de perros rabiosos,,Criatura,Élite,1,0,3,3,Aplica -1 al ataque de este enemigo por cada #herida que halla sufrido.,,,Avance,,,,"""Estos animales no han sido alimentados desde hace bastante tiempo. Es decir, hasta ahora.""",,
37,Cerdo mutado,,"Criatura, Nurgle",,1,0,2,1,"Si este enemigo hiere a un héroe durante una de sus acciones, este enemigo recupera 1 #herida por cada #herida sufrida por el héroe",,,Inmundicia,Avance,Daño,,"""Después de ver esas blasfemias, incluso la dureza del tocino me hizo vomitar.""",,
38,Cerdo mutado,,"Criatura, Nurgle",,1,0,2,1,"Si este enemigo hiere a un héroe durante una de sus acciones, este enemigo recupera 1 #herida por cada #herida sufrida por el héroe",,,Inmundicia,Avance,Daño,,"""Después de ver esas blasfemias, incluso la dureza del tocino me hizo vomitar.""",,
39,Cerdo mutado,,"Criatura, Nurgle",Élite,1,1,2,1,"Si este enemigo hiere a un héroe durante una de sus acciones, este enemigo recupera 1 #herida por cada #herida sufrida por el héroe",,,Inmundicia,Avance,Daño,,"""Después de ver esas blasfemias, incluso la dureza del tocino me hizo vomitar.""",,
40,Cerdo mutado,,"Criatura, Nurgle",,1,0,2,1,"Si este enemigo hiere a un héroe durante una de sus acciones, este enemigo recupera 1 #herida por cada #herida sufrida por el héroe",,,Inmundicia,Avance,Daño,,"""Después de ver esas blasfemias, incluso la dureza del tocino me hizo vomitar.""",,Arte Diferente
41,Cerdo mutado,,"Criatura, Nurgle",,1,0,2,1,"Si este enemigo hiere a un héroe durante una de sus acciones, este enemigo recupera 1 #herida por cada #herida sufrida por el héroe",,,Inmundicia,Avance,Daño,,"""Después de ver esas blasfemias, incluso la dureza del tocino me hizo vomitar.""",,Arte Diferente
42,Cerdo mutado,,"Criatura, Nurgle",Élite,1,1,2,1,"Si este enemigo hiere a un héroe durante una de sus acciones, este enemigo recupera 1 #herida por cada #herida sufrida por el héroe",,,Inmundicia,Avance,Daño,,"""Después de ver esas blasfemias, incluso la dureza del tocino me hizo vomitar.""",,Arte Diferente
43,Abominación de Tzeentch,,Demonio,Élite,3,2,4,3,,,,Presa,Daño,,,,,
44,Abominación de Tzeentch,,Demonio,,3,1,4,2,,,,Presa,Daño,,,,,
45,Abominación de Tzeentch,,Demonio,,3,1,4,2,,,,Presa,Daño,,,,,
46,Aulladores de Tzeentch,,Demonio,Élite,2,1,3,2,"Mientras este enemigo esté enfrentado a un héroe, este no puede tirar más de 1 #dado en su acción de Ataque.",,,Avance,,,,,,
47,Aulladores de Tzeentch,,Demonio,,2,1,2,1,"Mientras este enemigo esté enfrentado a un héroe, este no puede tirar más de 1 #dado en su acción de Ataque.",,,Avance,,,,,,
48,Aulladores de Tzeentch,,Demonio,,2,1,2,1,"Mientras este enemigo esté enfrentado a un héroe, este no puede tirar más de 1 #dado en su acción de Ataque.",,,Avance,,,,,,
49,Horror azul,,Demonio,,2,1,1,2,,,,Disputa,Avance,,,,,
50,Horror azul,,Demonio,,2,1,1,2,,,,Disputa,Avance,,,,,
51,Horror azul,,Demonio,,2,1,1,2,,,,Disputa,Avance,,,,,
52,Horror azul,,Demonio,,2,1,1,2,,,,Disputa,Avance,,,,,
53,Horror azul,,Demonio,,2,1,1,2,,,,Disputa,Avance,,,,,
54,Horror azul,,Demonio,,2,1,1,2,,,,Disputa,Avance,,,,,
55,Horror rosa,,Demonio,Élite,2,1,3,2,"Cuando este enemigo sea derrotado,coloca 2 Horrores azules en su lugar.",,,Avance,Daño,,,,,
56,Horror rosa,,Demonio,,2,1,2,2,"Cuando este enemigo sea derrotado,coloca 2 Horrores azules en su lugar.",,,Avance,Daño,,,,,
57,Horror rosa,,Demonio,,2,1,2,2,"Cuando este enemigo sea derrotado,coloca 2 Horrores azules en su lugar.",,,Avance,Daño,,,,,
58,Incineradores de Tzeentch,,Demonio,Élite,2,0,4,3,,,,Daño,Retirada,Antorcha,,,,
59,Incineradores de Tzeentch,,Demonio,,2,0,3,2,,,,Daño,Retirada,Antorcha,,,,
60,Incineradores de Tzeentch,,Demonio,,2,0,3,2,,,,Daño,Retirada,Antorcha,,,,
61,Desangrador,,Demonio,Élite,3,1,6,4,,,,Frenesí,Avance,,,"""Detrás de él esperan las Legiones de su Maestro vestidas con armaduras estriadas y adornadas con oro, más brillantes que el sol y más oscuras que la medianoche. Cada una empuña una espada infernal, cada uno grita en discordia con su espada, cada uno se une al coro del Caos, con la consigna Es peor que la muerte para aquellos que lo escuchan. Bajo sus pies, la tierra se retuerce al tocarlos, como si tratara de escapar de su presencia"". - Códice Demoníaco",,Archivo Guerreros del Caos
62,Desangrador,,Demonio,,3,1,5,4,,,,Frenesí,Avance,,,"""Detrás de él esperan las Legiones de su Maestro vestidas con armaduras estriadas y adornadas con oro, más brillantes que el sol y más oscuras que la medianoche. Cada una empuña una espada infernal, cada uno grita en discordia con su espada, cada uno se une al coro del Caos, con la consigna Es peor que la muerte para aquellos que lo escuchan. Bajo sus pies, la tierra se retuerce al tocarlos, como si tratara de escapar de su presencia"". - Códice Demoníaco",,Archivo Guerreros del Caos
63,Desangrador,,Demonio,,3,1,5,4,,,,Frenesí,Avance,,,"""Detrás de él esperan las Legiones de su Maestro vestidas con armaduras estriadas y adornadas con oro, más brillantes que el sol y más oscuras que la medianoche. Cada una empuña una espada infernal, cada uno grita en discordia con su espada, cada uno se une al coro del Caos, con la consigna Es peor que la muerte para aquellos que lo escuchan. Bajo sus pies, la tierra se retuerce al tocarlos, como si tratara de escapar de su presencia"". - Códice Demoníaco",,Archivo Guerreros del Caos
64,Mastín de Khorne,,Demonio,Élite,3,0,6,3,,,,Laceración,Correteo,Caza,,"""Pronto su presa no fue más que plumaje ensangrentado"" - Liber Malefic",,Archivo Guerreros del Caos
65,Mastín de Khorne,,Demonio,,3,0,5,2,,,,Laceración,Correteo,Caza,,"""Pronto su presa no fue más que plumaje ensangrentado"" - Liber Malefic",,Archivo Guerreros del Caos
66,Mastín de Khorne,,Demonio,,3,0,5,2,,,,Laceración,Correteo,Caza,,"""Pronto su presa no fue más que plumaje ensangrentado"" - Liber Malefic",,Archivo Guerreros del Caos
67,Atronador,,Enano,PNJ,,0,4,,"Al ser revelado ponlo a la izquierda del Líder del grupo. Se activa como un héroe más, realizando todas sus acciones y activando enemigos preparados durante la fase de Enemigos",**Ataque:** #dadoblanco. **Exploración:** #dadoblanco.,,Ataque,Exploración,,,,,
68,Belegar Martillo de hierro,,Enano,PNJ,,,2,8,"Al ser revelado ponlo a la izquierda del Líder del grupo. Se activa como un héroe más, realizando todas sus acciones y activando enemigos preparados durante la fase de Enemigos","<b>Ataque: #dadoblanco#dadoblanco</b>.<b>Descanso: #dadoblanco</b>.<b>Inspirar:</b> Cada héroe reclama 1 <i class=""exito""></i>.",,,,,,,,
69,Guerrero enano,,Enano,PNJ,,1,6,,"Al ser revelado ponlo a la izquierda del Líder del grupo. Se activa como un héroe más, realizando todas sus acciones y activando enemigos preparados durante la fase de Enemigos",<b>Ataque: #dadoblanco</b>.<b>Descanso: #dadoblanco</b>.,,,,,,,,
70,Guerrero enano,,Enano,PNJ,,1,6,,"Al ser revelado ponlo a la izquierda del Líder del grupo. Se activa como un héroe más, realizando todas sus acciones y activando enemigos preparados durante la fase de Enemigos",<b>Ataque: #dadoblanco</b>.<b>Descanso: #dadoblanco</b>.,,,,,,,,
71,Centigor,,Hombre bestia,Élite,3,3,3,3,"Mientras este enemigo esté enfrentado a un héroe, este no puede tirar más de 1 #dadoblanco en su acción de Descanso.",,,Daño,,,,"""Su resentimiento hacia sí mismos engendra comportamientos impredecibles, rabia y odio despiadado.""",,
72,Centigor,,Hombre bestia,,3,3,2,2,"Mientras este enemigo esté enfrentado a un héroe, este no puede tirar más de 1 #dadoblanco en su acción de Descanso.",,,Daño,,,,"""Su resentimiento hacia sí mismos engendra comportamientos impredecibles, rabia y odio despiadado.""",,
73,Centigor,,Hombre bestia,,3,3,2,2,"Mientras este enemigo esté enfrentado a un héroe, este no puede tirar más de 1 #dadoblanco en su acción de Descanso.",,,Daño,,,,"""Su resentimiento hacia sí mismos engendra comportamientos impredecibles, rabia y odio despiadado.""",,
74,Centigor,,Hombre bestia,Élite,3,1,6,3,,,,Impredecible,,,,"""Su resentimiento hacia sí mismos engendra comportamientos impredecibles, rabia y odio despiadado.""",,Archivo Hombres Bestia
75,Centigor,,Hombre bestia,,3,1,5,2,,,,Impredecible,,,,"""Su resentimiento hacia sí mismos engendra comportamientos impredecibles, rabia y odio despiadado.""",,Archivo Hombres Bestia
76,Centigor,,Hombre bestia,,3,1,5,2,,,,Impredecible,,,,"""Su resentimiento hacia sí mismos engendra comportamientos impredecibles, rabia y odio despiadado.""",,Archivo Hombres Bestia
77,Gor,,Hombre bestia,Élite,2,2,3,2,,,,Avance,Daño,,,"""Sí, parecemos bestias. Sí, somos salvajes. Ninguna de esas cosas nos hace estúpidos. Eso suele ser una sorpresa para los humanos. Eso siempre es la última cosas que les sorprende.""",,
78,Gor,,Hombre bestia,,2,2,2,1,,,,Avance,Daño,,,"""Sí, parecemos bestias. Sí, somos salvajes. Ninguna de esas cosas nos hace estúpidos. Eso suele ser una sorpresa para los humanos. Eso siempre es la última cosas que les sorprende.""",,
79,Gor,,Hombre bestia,,2,2,2,1,,,,Avance,Daño,,,"""Sí, parecemos bestias. Sí, somos salvajes. Ninguna de esas cosas nos hace estúpidos. Eso suele ser una sorpresa para los humanos. Eso siempre es la última cosas que les sorprende.""",,
80,Señor bestia Kiror Keenclaw,,Hombre bestia,Antagonista,,3,13,3,,,,Avance,Grito de guerra,,Descarta 1 de Progresión del lugar activo.,,,
81,Ungors,,Hombre bestia,Élite,2,0,4,2,"Mientras este enemigo esté enfrentado a un héroe, este no puede tirar más de 1 #dadoblanco en su acción de Exploración.",,,Daño,Avance,,,,,
82,Ungors,,Hombre bestia,,2,0,3,2,"Mientras este enemigo esté enfrentado a un héroe, este no puede tirar más de 1 #dadoblanco en su acción de Exploración.",,,Daño,Avance,,,,,
83,Ungors,,Hombre bestia,,2,0,3,2,"Mientras este enemigo esté enfrentado a un héroe, este no puede tirar más de 1 #dadoblanco en su acción de Exploración.",,,Daño,Avance,,,,,
84,Arquero Ungor,,Hombre bestia,Élite,1,0,3,2,,,,Retirada,Tiro miserable,,,"""Como consecuencia de su humilde estatus en la tribu, los Urgors son criaturas extremadamente crueles y rencorosas, que descargan su amargura en enemigos, cautivos o animales salvajes que caen en sus garras.""",,Archivo Hombres Bestia
85,Arquero Ungor,,Hombre bestia,,1,0,2,1,,,,Retirada,Tiro miserable,,,"""Como consecuencia de su humilde estatus en la tribu, los Urgors son criaturas extremadamente crueles y rencorosas, que descargan su amargura en enemigos, cautivos o animales salvajes que caen en sus garras.""",,Archivo Hombres Bestia
86,Arquero Ungor,,Hombre bestia,,1,0,2,1,,,,Retirada,Tiro miserable,,,"""Como consecuencia de su humilde estatus en la tribu, los Urgors son criaturas extremadamente crueles y rencorosas, que descargan su amargura en enemigos, cautivos o animales salvajes que caen en sus garras.""",,Archivo Hombres Bestia
87,Bovigor,,Hombre bestia,Élite,2,1,3,3,,,,Desafío,Embestida,,,"""Los Bovigors también son testarudos por naturaleza, son muy competitivos y valoran su fuerza bruta por encima de cualquier forma de sutileza. Lo que diferencia a estos Hombres Bestia de los Minotauros es su estatura mucho más pequeña.""",,
88,Bovigor,,Hombre bestia,,2,1,2,2,,,,Desafío,Embestida,,,"""Los Bovigors también son testarudos por naturaleza, son muy competitivos y valoran su fuerza bruta por encima de cualquier forma de sutileza. Lo que diferencia a estos Hombres Bestia de los Minotauros es su estatura mucho más pequeña.""",,
89,Bovigor,,Hombre bestia,,2,1,2,2,,,,Desafío,Embestida,,,"""Los Bovigors también son testarudos por naturaleza, son muy competitivos y valoran su fuerza bruta por encima de cualquier forma de sutileza. Lo que diferencia a estos Hombres Bestia de los Minotauros es su estatura mucho más pequeña.""",,
90,Saqueador Ungor,,Hombre bestia,Élite,1,0,3,2,,,,Correteo,Laceración,,,"""Los Saqueadores Ungor tienen la tarea de cazar enemigos para que su manada de guerra los aproveche. Son ellos quienes siembran las semillas del caos que pronto florecerán y se convertirán en una destrucción total.""",,Archivo Hombres Bestia
91,Saqueador Ungor,,Hombre bestia,,1,0,2,1,,,,Correteo,Laceración,,,"""Los Saqueadores Ungor tienen la tarea de cazar enemigos para que su manada de guerra los aproveche. Son ellos quienes siembran las semillas del caos que pronto florecerán y se convertirán en una destrucción total.""",,Archivo Hombres Bestia
92,Saqueador Ungor,,Hombre bestia,,1,0,2,1,,,,Correteo,Laceración,,,"""Los Saqueadores Ungor tienen la tarea de cazar enemigos para que su manada de guerra los aproveche. Son ellos quienes siembran las semillas del caos que pronto florecerán y se convertirán en una destrucción total.""",,Archivo Hombres Bestia
93,Bestigor,,Hombre bestia,Élite,3,2,5,4,,,,Desafío,Pisotear,,,"""En la batalla buscan a las tropas de élite del ejército enemigo, quienes inherentemente desafían su estatus dominante... cortando una extremidad del enemigo y pisoteando su cuerpo destrozado en el barro bajo sus pezuñas.""",,Archivo Hombres Bestia
94,Bestigor,,Hombre bestia,,3,2,4,3,,,,Desafío,Pisotear,,,"""En la batalla buscan a las tropas de élite del ejército enemigo, quienes inherentemente desafían su estatus dominante... cortando una extremidad del enemigo y pisoteando su cuerpo destrozado en el barro bajo sus pezuñas.""",,Archivo Hombres Bestia
95,Bestigor,,Hombre bestia,,3,2,4,3,,,,Desafío,Pisotear,,,"""En la batalla buscan a las tropas de élite del ejército enemigo, quienes inherentemente desafían su estatus dominante... cortando una extremidad del enemigo y pisoteando su cuerpo destrozado en el barro bajo sus pezuñas.""",,Archivo Hombres Bestia
96,Garragor,,Hombre bestia,Élite,2,1,4,1,,,,Enfermedad,Avance,Daño,,"""Los Garragors son animales jorobados y malolientes de cuyas formas infestadas de pulgas brotan colmillos y cuernos deformes. Son una combinación grotesca de un gran jabalí y un poderoso carnero, que a menudo delatan signos de otra herencia menos identificable. Bestia tosca y obesa, su piel es tan gruesa y su pelaje tan enmarañado que las flechas o las flechas de ballesta apenas pueden penetrar su piel nudosa.""",,Archivo Hombres Bestia
97,Garragor,,Hombre bestia,,2,1,3,1,,,,Enfermedad,Avance,Daño,,"""Los Garragors son animales jorobados y malolientes de cuyas formas infestadas de pulgas brotan colmillos y cuernos deformes. Son una combinación grotesca de un gran jabalí y un poderoso carnero, que a menudo delatan signos de otra herencia menos identificable. Bestia tosca y obesa, su piel es tan gruesa y su pelaje tan enmarañado que las flechas o las flechas de ballesta apenas pueden penetrar su piel nudosa.""",,Archivo Hombres Bestia
98,Garragor,,Hombre bestia,,2,1,3,1,,,,Enfermedad,Avance,Daño,,"""Los Garragors son animales jorobados y malolientes de cuyas formas infestadas de pulgas brotan colmillos y cuernos deformes. Son una combinación grotesca de un gran jabalí y un poderoso carnero, que a menudo delatan signos de otra herencia menos identificable. Bestia tosca y obesa, su piel es tan gruesa y su pelaje tan enmarañado que las flechas o las flechas de ballesta apenas pueden penetrar su piel nudosa.""",,Archivo Hombres Bestia
99,Ungor Cuernopartído,,Hombre bestia,Élite,1,0,3,2,,,,Señalar,Daño,,,"""En la batalla, los ungors son intimidados para que mantengan un orden debido a su número, conocidos como Mediocuernos, buscan una posición en la línea de batalla desde la que puedan infligir el mayor dolor y sufrimiento al enemigo.""",,Archivo Hombres Bestia
100,Ungor Cuernopartído,,Hombre bestia,,1,0,2,1,,,,Señalar,Daño,,,"""En la batalla, los ungors son intimidados para que mantengan un orden debido a su número, conocidos como Mediocuernos, buscan una posición en la línea de batalla desde la que puedan infligir el mayor dolor y sufrimiento al enemigo.""",,Archivo Hombres Bestia
101,Ungor Cuernopartído,,Hombre bestia,,1,0,2,1,,,,Señalar,Daño,,,"""En la batalla, los ungors son intimidados para que mantengan un orden debido a su número, conocidos como Mediocuernos, buscan una posición en la línea de batalla desde la que puedan infligir el mayor dolor y sufrimiento al enemigo.""",,Archivo Hombres Bestia
102,Rebaño de Ungor,,Hombre bestia,Élite,2,0,4,2,,,,Avance,Crueldad,,,"""En la batalla, los Ungors se unen a los Gors en manadas rebeldes, cargando contra el enemigo con la única intención de dispersarlos. Los Gors siempre se abren camino hacia el frente de una pelea, por lo que los Ungors se interponen entre sus primos más grandes con sus toscas lanzas.""",,Archivo Hombres Bestia
103,Rebaño de Ungor,,Hombre bestia,,2,0,3,2,,,,Avance,Crueldad,,,"""En la batalla, los Ungors se unen a los Gors en manadas rebeldes, cargando contra el enemigo con la única intención de dispersarlos. Los Gors siempre se abren camino hacia el frente de una pelea, por lo que los Ungors se interponen entre sus primos más grandes con sus toscas lanzas.""",,Archivo Hombres Bestia
104,Rebaño de Ungor,,Hombre bestia,,2,0,3,2,,,,Avance,Crueldad,,,"""En la batalla, los Ungors se unen a los Gors en manadas rebeldes, cargando contra el enemigo con la única intención de dispersarlos. Los Gors siempre se abren camino hacia el frente de una pelea, por lo que los Ungors se interponen entre sus primos más grandes con sus toscas lanzas.""",,Archivo Hombres Bestia
105,Caprigor,,Hombre bestia,Élite,2,0,4,3,"Cuando se revela, este enemigo se enfrenta al héroe con mas #herida.",,,Avance,Daño,,,"""Los Gors no son especialmente sigilosos, pero pueden permanecer escondidos bastante bien entre los árboles. Pocos enemigos pueden mantener la posicion ante una horda de Gors ensordecedora e intimidante, y mucho menos cuando más de ellos emergen de los árboles y cortan cualquier posibilidad de escape para los soldados que huyen.""",,Archivo Hombres Bestia
106,Caprigor,,Hombre bestia,,2,0,3,2,"Cuando se revela, este enemigo se enfrenta al héroe con mas #herida.",,,Avance,Daño,,,"""Los Gors no son especialmente sigilosos, pero pueden permanecer escondidos bastante bien entre los árboles. Pocos enemigos pueden mantener la posicion ante una horda de Gors ensordecedora e intimidante, y mucho menos cuando más de ellos emergen de los árboles y cortan cualquier posibilidad de escape para los soldados que huyen.""",,Archivo Hombres Bestia
107,Caprigor,,Hombre bestia,,2,0,3,2,"Cuando se revela, este enemigo se enfrenta al héroe con mas #herida.",,,Avance,Daño,,,"""Los Gors no son especialmente sigilosos, pero pueden permanecer escondidos bastante bien entre los árboles. Pocos enemigos pueden mantener la posicion ante una horda de Gors ensordecedora e intimidante, y mucho menos cuando más de ellos emergen de los árboles y cortan cualquier posibilidad de escape para los soldados que huyen.""",,Archivo Hombres Bestia
108,Cazador eslizón,,Hombre lagarto,Élite,1,0,2,2,"Cuando el grupo viaja, este enemigo no se descarta",,,Retirada,Daño,,,,,
109,Cazador eslizón,,Hombre lagarto,,1,0,1,1,"Cuando el grupo viaja, este enemigo no se descarta",,,Retirada,Daño,,,,,
110,Cazador eslizón,,Hombre lagarto,,1,0,1,1,"Cuando el grupo viaja, este enemigo no se descarta",,,Retirada,Daño,,,,,
111,Enjambre eslizón,,Hombre lagarto,Élite,1,0,3,2,"Un héroe enfrentado a este enemigo, no puede usar más de 1 #dadoblanco en su acción de Exploración.",,,Avance,,,,"""Lo más normal es que los Eslizones avancen delante del cuerpo principal del ejército en grupos dispersados, hostigando el avance enemigo con dardos y jabalinas envenenadas.""",,
112,Enjambre eslizón,,Hombre lagarto,,1,0,2,1,"Un héroe enfrentado a este enemigo, no puede usar más de 1 #dadoblanco en su acción de Exploración.",,,Avance,,,,"""Lo más normal es que los Eslizones avancen delante del cuerpo principal del ejército en grupos dispersados, hostigando el avance enemigo con dardos y jabalinas envenenadas.""",,
113,Enjambre eslizón,,Hombre lagarto,,1,0,2,1,"Un héroe enfrentado a este enemigo, no puede usar más de 1 #dadoblanco en su acción de Exploración.",,,Avance,,,,"""Lo más normal es que los Eslizones avancen delante del cuerpo principal del ejército en grupos dispersados, hostigando el avance enemigo con dardos y jabalinas envenenadas.""",,
114,Guardia del templo,,Hombre lagarto,Élite,2,2,3,2,,,,Avance,Daño,,,"""Como corresponde a su estatus honorable, la Guardia del Templo blande pesadas alabardas ornamentales, escudos adornados con glifos sagrados y horribles trofeos. Sus cuerpos están blindados con placas de armadura creadas a partir del bronce más duro.""",,
115,Guardia del templo,,Hombre lagarto,,2,1,2,2,,,,Avance,Daño,,,"""Como corresponde a su estatus honorable, la Guardia del Templo blande pesadas alabardas ornamentales, escudos adornados con glifos sagrados y horribles trofeos. Sus cuerpos están blindados con placas de armadura creadas a partir del bronce más duro.""",,
116,Guardia del templo,,Hombre lagarto,,2,1,2,2,,,,Avance,Daño,,,"""Como corresponde a su estatus honorable, la Guardia del Templo blande pesadas alabardas ornamentales, escudos adornados con glifos sagrados y horribles trofeos. Sus cuerpos están blindados con placas de armadura creadas a partir del bronce más duro.""",,
117,Guerrero saurio,,Hombre lagarto,Élite,1,0,3,2,,,,Avance,Grito de guerra,,,"""Cuanto más tiempo vive un saurio, más resistente y feroz se vuelve.""",,
118,Guerrero saurio,,Hombre lagarto,,1,0,2,2,,,,Avance,Grito de guerra,,,"""Cuanto más tiempo vive un saurio, más resistente y feroz se vuelve.""",,
119,Guerrero saurio,,Hombre lagarto,,1,0,2,2,,,,Avance,Grito de guerra,,,"""Cuanto más tiempo vive un saurio, más resistente y feroz se vuelve.""",,
120,"Hajup'Set, el Mago Eslizón",,Hombre lagarto,Antagonista,,1,8,1,,,,Derretir la mente,Sacrificio,,Descarta 1 de Progresión del lugar activo.,,,
121,Jinete gélido,,Hombre lagarto,Élite,2,2,2,2,Un héroe enfrentado a este enemigo no puede usar más de 1 #dadoblanco en su acción de Exploración.,,,Avance,,,,"""Si ven una extremidad o un vientre desprotegidos, los gélidos lanzarán sus cuellos como una serpiente que ataca.""",,
122,Jinete gélido,,Hombre lagarto,,2,2,2,1,Un héroe enfrentado a este enemigo no puede usar más de 1 #dadoblanco en su acción de Exploración.,,,Avance,,,,"""Si ven una extremidad o un vientre desprotegidos, los gélidos lanzarán sus cuellos como una serpiente que ataca.""",,
123,Jinete gélido,,Hombre lagarto,,2,2,2,1,Un héroe enfrentado a este enemigo no puede usar más de 1 #dadoblanco en su acción de Exploración.,,,Avance,,,,"""Si ven una extremidad o un vientre desprotegidos, los gélidos lanzarán sus cuellos como una serpiente que ataca.""",,
124,Kroxigor,,Hombre lagarto,Élite,2,0,4,3,,,,Avance,Bramido,Daño,,"""Aunque pueden despedazar a un hombre tan solo con sus manos, los eslizones les dan armas a los kroxigores para incrementar su capacidad destructora.""",,
125,Kroxigor,,Hombre lagarto,,2,0,3,2,,,,Avance,Bramido,Daño,,"""Aunque pueden despedazar a un hombre tan solo con sus manos, los eslizones les dan armas a los kroxigores para incrementar su capacidad destructora.""",,
126,Kroxigor,,Hombre lagarto,,2,0,3,2,,,,Avance,Bramido,Daño,,"""Aunque pueden despedazar a un hombre tan solo con sus manos, los eslizones les dan armas a los kroxigores para incrementar su capacidad destructora.""",,
127,Prisionero del ritual,,Humano,,1,1,8,0,,,,Fatalidad,,,,"""Los skavens han capturado humanos. Aún vivos, se returecen casi sin fuerzas, colgados de sus ataduras, mientras una piedra de luz verdosa parece arrebatarles la vida poco a poco. El poder que emana de la piedra se une al prisionero y crea un torrente de magia que no os deja acercaros con facilidad para ayudarle.""",,
128,Prisionero del ritual,,Humano,,1,1,8,0,,,,Fatalidad,,,,"""Los skavens han capturado humanos. Aún vivos, se returecen casi sin fuerzas, colgados de sus ataduras, mientras una piedra de luz verdosa parece arrebatarles la vida poco a poco. El poder que emana de la piedra se une al prisionero y crea un torrente de magia que no os deja acercaros con facilidad para ayudarle.""",,
129,Prisionero del ritual,,Humano,,1,1,8,0,,,,Fatalidad,,,,"""Los skavens han capturado humanos. Aún vivos, se returecen casi sin fuerzas, colgados de sus ataduras, mientras una piedra de luz verdosa parece arrebatarles la vida poco a poco. El poder que emana de la piedra se une al prisionero y crea un torrente de magia que no os deja acercaros con facilidad para ayudarle.""",,
130,Prisionero del ritual,,Humano,,1,1,8,0,,,,Fatalidad,,,,"""Los skavens han capturado humanos. Aún vivos, se returecen casi sin fuerzas, colgados de sus ataduras, mientras una piedra de luz verdosa parece arrebatarles la vida poco a poco. El poder que emana de la piedra se une al prisionero y crea un torrente de magia que no os deja acercaros con facilidad para ayudarle.""",,
131,Pollok Fruedelich,,Humano,PNJ,,0,6,,"Al ser revelado ponlo a la izquierda del Líder del grupo. Se activa como un héroe más, realizando todas sus acciones y activando enemigos preparados durante la fase de Enemigos",<b>Exploración: </b>#dadoblanco,<b>Descanso: </b>#dadoblanco.,,,,,,,
132,Bárbaro,,Humano,Élite,2,1,3,3,,,,Avance,,,,"""Emergieron incursores de los mares con velas de Sangre y Muerte, y drestruyeron un templo y tres pueblos en nestra costa, matando y esclavizando a los que no huían y saqueando lo poco que podían. Vestían armadura extraña y combatían bajo el estandarte del lobo, como si se mofasen de nuestra Fe.""",,
133,Bárbaro,,Humano,,2,0,3,2,,,,Avance,,,,"""Emergieron incursores de los mares con velas de Sangre y Muerte, y drestruyeron un templo y tres pueblos en nestra costa, matando y esclavizando a los que no huían y saqueando lo poco que podían. Vestían armadura extraña y combatían bajo el estandarte del lobo, como si se mofasen de nuestra Fe.""",,
134,Bárbaro,,Humano,,2,0,3,2,,,,Avance,,,,"""Emergieron incursores de los mares con velas de Sangre y Muerte, y drestruyeron un templo y tres pueblos en nestra costa, matando y esclavizando a los que no huían y saqueando lo poco que podían. Vestían armadura extraña y combatían bajo el estandarte del lobo, como si se mofasen de nuestra Fe.""",,
135,Cazador de cabezas,,Humano,Élite,2,0,3,3,,,,Daño,Banquete,Retirada,,,,
136,Cazador de cabezas,,Humano,,2,0,2,2,,,,Daño,Banquete,Retirada,,,,
137,Cazador,,Humano,Élite,2,0,4,3,"Cuando este enemigo se enfrenta a un héroe, dicho héroe sufre 1 #herida y sufre el estado Hemorragia",,,Retirada,Daño,,,"""Los pocos exiliados que evitan la muerte en la tundra helada a menudo se unen para formar bandas bebedoras de sangre de cazadores salvajes, dandoles una vitalidad brutal que los hace aún más duros, insensibles y expertos como Guerreros - Merodeadores con la habilidad de cazadores de emboscadas.""",,Archivo Guerreros del Caos
138,Cazador,,Humano,,2,0,3,1,"Cuando este enemigo se enfrenta a un héroe, dicho héroe sufre 1 #herida y sufre el estado Hemorragia",,,Retirada,Daño,Daño,,"""Los pocos exiliados que evitan la muerte en la tundra helada a menudo se unen para formar bandas bebedoras de sangre de cazadores salvajes, dandoles una vitalidad brutal que los hace aún más duros, insensibles y expertos como Guerreros - Merodeadores con la habilidad de cazadores de emboscadas.""",,Archivo Guerreros del Caos
139,Cazador,,Humano,,2,0,3,1,"Cuando este enemigo se enfrenta a un héroe, dicho héroe sufre 1 #herida y sufre el estado Hemorragia",,,Retirada,Daño,Daño,,"""Los pocos exiliados que evitan la muerte en la tundra helada a menudo se unen para formar bandas bebedoras de sangre de cazadores salvajes, dandoles una vitalidad brutal que los hace aún más duros, insensibles y expertos como Guerreros - Merodeadores con la habilidad de cazadores de emboscadas.""",,Archivo Guerreros del Caos
140,Guerrero del Caos,,Humano,Élite,3,3,4,3,,,,Desafío,Daño,,,"""Físicamente poderosos, armados y blindados con acero y hechicería, llenos de malas intenciones. ¿Son siquiera humanos? Toda la evidencia es que no lo son; más bien, estas criaturas se generan espontáneamente en lo profundo de los Pozos del Caos en los Páramos Helados al norte de Norsca, nacidos del flujo cósmico de la creación que es el Caos primordial... - Albrecht Kinear, Profesor Emérito de la Universidad de Nuln.""",,Archivo Guerreros del Caos
141,Guerrero del Caos,,Humano,,3,3,3,2,,,,Desafío,Daño,,,"""Físicamente poderosos, armados y blindados con acero y hechicería, llenos de malas intenciones. ¿Son siquiera humanos? Toda la evidencia es que no lo son; más bien, estas criaturas se generan espontáneamente en lo profundo de los Pozos del Caos en los Páramos Helados al norte de Norsca, nacidos del flujo cósmico de la creación que es el Caos primordial... - Albrecht Kinear, Profesor Emérito de la Universidad de Nuln.""",,Archivo Guerreros del Caos
142,Guerrero del Caos,,Humano,,3,3,3,2,,,,Desafío,Daño,,,"""Físicamente poderosos, armados y blindados con acero y hechicería, llenos de malas intenciones. ¿Son siquiera humanos? Toda la evidencia es que no lo son; más bien, estas criaturas se generan espontáneamente en lo profundo de los Pozos del Caos en los Páramos Helados al norte de Norsca, nacidos del flujo cósmico de la creación que es el Caos primordial... - Albrecht Kinear, Profesor Emérito de la Universidad de Nuln.""",,Archivo Guerreros del Caos
143,Berseker,,Humano,Élite,2,1,3,2,"Cuando se revela, coloca este enemigo en las sombras.",,,Frenesí,Avance,Daño,,"""¡Khorne! chillaban mientras rechinaban los dientes y mordían sus escudos."" - Una descripción de Sarl Berserkers en la destrucción de Wisborg.",,Archivo Guerreros del Caos
144,Berseker,,Humano,,2,0,3,2,"Cuando se revela, coloca este enemigo en las sombras.",,,Frenesí,Avance,Daño,,"""¡Khorne! chillaban mientras rechinaban los dientes y mordían sus escudos."" - Una descripción de Sarl Berserkers en la destrucción de Wisborg.",,Archivo Guerreros del Caos
145,Berseker,,Humano,,2,0,3,2,"Cuando se revela, coloca este enemigo en las sombras.",,,Frenesí,Avance,Daño,,"""¡Khorne! chillaban mientras rechinaban los dientes y mordían sus escudos."" - Una descripción de Sarl Berserkers en la destrucción de Wisborg.",,Archivo Guerreros del Caos
146,Merodeador,,Humano,Élite,2,0,4,2,,,,Furia,Avance,Daño,,"""Los Merodeadores del Caos son los guerreros tribales más numerosos dedicados al culto del Caos, y cuya veneración a la violencia y salvajismo les ha valido desde entonces el reconocido título de Merodeadores entre los habitantes del Viejo Mundo, aunque entre su propia gente, son simplemente conocidos como como guerreros y, en tiempos de paz, suelen servir a los clanes como guardianes y cazadores.""",,Archivo Guerreros del Caos
147,Merodeador,,Humano,,2,0,3,2,,,,Furia,Avance,Daño,,"""Los Merodeadores del Caos son los guerreros tribales más numerosos dedicados al culto del Caos, y cuya veneración a la violencia y salvajismo les ha valido desde entonces el reconocido título de Merodeadores entre los habitantes del Viejo Mundo, aunque entre su propia gente, son simplemente conocidos como como guerreros y, en tiempos de paz, suelen servir a los clanes como guardianes y cazadores.""",,Archivo Guerreros del Caos
148,Merodeador,,Humano,,2,0,3,2,,,,Furia,Avance,Daño,,"""Los Merodeadores del Caos son los guerreros tribales más numerosos dedicados al culto del Caos, y cuya veneración a la violencia y salvajismo les ha valido desde entonces el reconocido título de Merodeadores entre los habitantes del Viejo Mundo, aunque entre su propia gente, son simplemente conocidos como como guerreros y, en tiempos de paz, suelen servir a los clanes como guardianes y cazadores.""",,Archivo Guerreros del Caos
149,Fanático,,Humano,Élite,1,0,3,2,,,,Daño,Expiación,,,"""Deja que el fluir de la sangre de mi carne débil te apacigue. ¡Que mi sacrificio sea un testimonio de tus poderes oscuros!""",,Archivo Guerreros del Caos
150,Fanático,,Humano,,1,0,2,1,,,,Daño,Expiación,,,"""Deja que el fluir de la sangre de mi carne débil te apacigue. ¡Que mi sacrificio sea un testimonio de tus poderes oscuros!""",,Archivo Guerreros del Caos
151,Fanático,,Humano,,1,0,2,1,,,,Daño,Expiación,,,"""Deja que el fluir de la sangre de mi carne débil te apacigue. ¡Que mi sacrificio sea un testimonio de tus poderes oscuros!""",,Archivo Guerreros del Caos
152,Lanzagoblins,,Máquina Piel verde,Élite,3,2,3,3,,,,Retirada,Daño,¡Fuego!,,"""¿No hay máz piedraz? ¡Tiren a loz cadetez!""",,
153,Lanzagoblins,,Máquina Piel verde,,3,2,3,2,,,,Retirada,Daño,¡Fuego!,,"""¿No hay máz piedraz? ¡Tiren a loz cadetez!""",,
154,Lanzagoblins,,Máquina Piel verde,,3,2,3,2,,,,Retirada,Daño,¡Fuego!,,"""¿No hay máz piedraz? ¡Tiren a loz cadetez!""",,
155,Minotauro,,Monstruo,Élite,3,1,6,3,,,,Daño,Cornada,Persecución,,,,
156,Minotauro,,Monstruo,,3,1,5,2,,,,Daño,Cornada,Persecución,,,,
157,Minotauro,,Monstruo,,3,1,5,2,,,,Daño,Cornada,Persecución,,,,
158,Troll de las cavernas,,Monstruo,Élite,3,2,4,3,,,,Vagabundo,Recuperación,,,,,
159,Troll de las cavernas,,Monstruo,,3,2,3,2,,,,Vagabundo,Recuperación,,,,,
160,Troll de las cavernas,,Monstruo,,3,2,3,2,,,,Vagabundo,Recuperación,,,,,
161,Rey Liche,,No muerto,Antagonista,,1,9,3,<b>Etéreo:</b> Mientras este enemigo se encuentre en las sombras no puede sufir #herida.,,,Daño,Retirada,,El Liche tiene un aura de muerte. El grupo agota 2 acciones en común.,El Liche es un brujo No muerto que busca desesperadamente el poder y la inmortalidad.,,
162,Espectro,,No muerto,,2,0,5,2,,,,Avance,Toque Gélido,Daño,,Los espectros drenan la esencia de los seres vivos y con sus garras heladas alcanzan el alma de sus enemigos.,,
163,Momia,,No muerto,,2,1,3,2,,,,Regenerar,Avance,Daño,,Las momias No muertas consumen los órganos vitales de los vivos para regenerar sus cuerpos descompuestos.,,
164,Lobo espectral,,No muerto,,2,0,2,2,,,,Rapiña,Daño,Laceración,,"Una criatura con aspecto de lobo, con enormes dientes y afiladas garras.",,
165,Arquero esqueleto,,No muerto,,1,0,2,1,"<b>Reanimar:</b> Cuando este enemigo es derrotado y deja el juego, tira 1 #dadonegro. Con un resultado de #impacto el enemigo reaparece en las sombras.",,,Retirada,Daño,,,,,
166,Señor Vampiro,,No muerto,Antagonista,,1,13,3,"<b>Cáliz de Sangre:</b> Una vez por aventura, antes de sufrir la última #herida este enemigo recupera todas las #herida.","<b>Comealmas:</b> Al final de la fase de enemigos, este enemigo recupera 1 #herida.",,Retirada,Daño,,Todos los enemigos No muerto recuperan 1 #herida.,A diferencia de la mayoría de No muertos los vampiros conservan su intelecto y voluntad.,,
167,Caballero sangriento,3,No muerto,,3,1,6,3,<b>Comealmas:</b> Al final de la fase de enemigos este enemigo recupera 1 #herida,,,Avance,Daño,Furia asesina,,Son la caballería más temible de todo el Viejo Mundo. El entrenamiento y disciplina que recibireron en vida se ha visto potenciado por la velocidad y fuerza sobrenaturales de la maldición del Vampiro.,,
168,Doncella espectral,,No muerto,,3,1,2,2,,,,Retirada,Daño,Lamento,,"Muchas hechiceras, magas y brujas han poblado las tierras del Viejo Mundo con el paso de los siglos. Los espíritus más resentidos y desasoegados de estas mujeres diabólicas acaban convirtiéndose en estos horrores inquietos.",,
169,Engendro del terror,,No muerto,,3,1,2,2,"<b>Infestado:</b> Cuando este enemigo es derrotado tira 3 #dadonegro, por cada resultado de #impacto o #antagonista sufres 1 #herida.",,,Avance,Daño,Chillido mortal,,"La visión de un Engendro del Terror es cruel y solo acercarse a su presa, esta queda inmovilizada. Con su ensordecedor e inesperado grito puede dejar sin sentido e incluso paralizar aun caballo de guerra bretoniano.",,
170,Varghulf,,No muerto,,2,0,3,2,"**Festín de la victoria:** Siempre que cause alguna #herida, retira todas las #herida de este enemigo.",,,Avance,Daño,Daño,,"Aunque no todos los vampiros se preocupan por los adornos de la vida, ni buscan el contron de sus necesidades internas, hay algunos vampiros que permiten salir al cazador bestial que llevan en su interior, dejandolo consumir su personalidad por completo. Estos feroces depredadores abandonan sus ciudadelas para correr libres por los bosques.",,
171,Buitres de Nehekhara,,No muerto,Élite,2,1,3,2,"Mientras este enemigo esté en las sombras, no puede sufrir #herida.",,,Daño,Retirada,,,"""El carroñero del desierto, cuyas magníficas alas oscurecen el sol del atardecer, cuando la venganza está próxima.""",,
172,Buitres de Nehekhara,,No muerto,,2,1,2,1,"Mientras este enemigo esté en las sombras, no puede sufrir #herida.",,,Daño,Retirada,,,"""El carroñero del desierto, cuyas magníficas alas oscurecen el sol del atardecer, cuando la venganza está próxima.""",,
173,Buitres de Nehekhara,,No muerto,,2,1,2,1,"Mientras este enemigo esté en las sombras, no puede sufrir #herida.",,,Daño,Retirada,,,"""El carroñero del desierto, cuyas magníficas alas oscurecen el sol del atardecer, cuando la venganza está próxima.""",,
174,Coloso necrolítico,,No muerto,Élite,2,2,3,3,,,,Daño,Aplastar,Vagabundo,,,,
175,Coloso necrolítico,,No muerto,,2,2,2,2,,,,Daño,Aplastar,Vagabundo,,,,
176,Coloso necrolítico,,No muerto,,2,2,2,2,,,,Daño,Aplastar,Vagabundo,,,,
177,Crocodilisco,,No muerto,Élite,2,2,3,2,,,,Presa,Persecución,,,,,
178,Crocodilisco,,No muerto,,2,1,3,1,,,,Presa,Persecución,,,,,
179,Crocodilisco,,No muerto,,2,1,3,1,,,,Presa,Persecución,,,,,
180,Guardia del sepulcro,,No muerto,Élite,2,1,3,3,,,,Avance,Daño,,,"""Centinelas de las puertas de la eternidad, protectores del Rey, bravos antes los que nadie pasará, guardianes de la tumba del Rey.""",,
181,Guardia del sepulcro,,No muerto,,2,1,2,2,,,,Avance,Daño,,,"""Centinelas de las puertas de la eternidad, protectores del Rey, bravos antes los que nadie pasará, guardianes de la tumba del Rey.""",,
182,Guardia del sepulcro,,No muerto,,2,1,2,2,,,,Avance,Daño,,,"""Centinelas de las puertas de la eternidad, protectores del Rey, bravos antes los que nadie pasará, guardianes de la tumba del Rey.""",,
183,Liche del sepulcro,,No muerto,Élite,2,3,2,2,"Mientras un héroe esté enfrentado a este enemigo, no puede descartarse del estado Hemorragia ni del estado Enfermo.",,,Avance,,,,"""Mirad ahora las 'Crónicas del Escarabajo de la Muerte' y conoced bien, o Dioses, como amamos a nuestro Rey.""",,
184,Liche del sepulcro,,No muerto,,2,3,1,1,"Mientras un héroe esté enfrentado a este enemigo, no puede descartarse del estado Hemorragia ni del estado Enfermo.",,,Avance,,,,"""Mirad ahora las 'Crónicas del Escarabajo de la Muerte' y conoced bien, o Dioses, como amamos a nuestro Rey.""",,
185,Liche del sepulcro,,No muerto,,2,3,1,1,"Mientras un héroe esté enfrentado a este enemigo, no puede descartarse del estado Hemorragia ni del estado Enfermo.",,,Avance,,,,"""Mirad ahora las 'Crónicas del Escarabajo de la Muerte' y conoced bien, o Dioses, como amamos a nuestro Rey.""",,
186,Momia,,No muerto,Élite,2,0,5,2,"Mientras este enemigo esté enfrentado a un héroe, este no puede tirar más de 1 #dadoblanco en su acción de Descanso.",,,Daño,Presa,,,,,
187,Momia,,No muerto,,2,0,4,1,"Mientras este enemigo esté enfrentado a un héroe, este no puede tirar más de 1 #dadoblanco en su acción de Descanso.",,,Daño,Presa,,,,,
188,Momia,,No muerto,,2,0,4,1,"Mientras este enemigo esté enfrentado a un héroe, este no puede tirar más de 1 #dadoblanco en su acción de Descanso.",,,Daño,Presa,,,,,
189,"Nezeeri, la Reina del sepulcro",,No muerto,Antagonista,,0,2,2,"Si hay 5 fichas de Éxito sobre este enemigo, todos los héroes son derrotados.",,,Daño,Ritual,,Este enemigo aplica +1 a su puntuación actual de Vida y despúes recupera 1 #herida.,,,
190,Shaman del sepulcro,,No muerto,Élite,2,1,3,2,,,,Retirada,Curación,,,"""La tumba que buscabas estaba cerca...""",,
191,Shaman del sepulcro,,No muerto,,2,1,2,1,,,,Retirada,Curación,,,"""La tumba que buscabas estaba cerca...""",,
192,Shaman del sepulcro,,No muerto,,2,1,2,1,,,,Retirada,Curación,,,"""La tumba que buscabas estaba cerca...""",,
193,Zombi podrido,,"No muerto, Nurgle",,1,0,2,1,,,,Mugre,Avance,Daño,,Aquellos que caen bajo la podredumbre de Nurgle a menudo regresan como no-muertos y gustosamente propagan muerte y enfermedad.,,
194,Zombi podrido,,"No muerto, Nurgle",,1,0,2,1,,,,Mugre,Avance,Daño,,Aquellos que caen bajo la podredumbre de Nurgle a menudo regresan como no-muertos y gustosamente propagan muerte y enfermedad.,,
195,Zombi podrido,,"No muerto, Nurgle",Élite,1,0,3,1,,,,Mugre,Avance,Daño,,Aquellos que caen bajo la podredumbre de Nurgle a menudo regresan como no-muertos y gustosamente propagan muerte y enfermedad.,,
196,Horda de Zombis podridos,,"No muerto, Nurgle",,2,0,4,1,,,,Mugre,Muchedumbre,Daño,,Aquellos que caen en la podredumbre de Nurgle a menudo parecen apreciar la propagación de muerte y enfermedades en grandes cantidades.,,
197,Horda de Zombis podridos,,"No muerto, Nurgle",,2,0,4,1,,,,Mugre,Muchedumbre,Daño,,Aquellos que caen en la podredumbre de Nurgle a menudo parecen apreciar la propagación de muerte y enfermedades en grandes cantidades.,,
198,Horda de Zombis podridos,,"No muerto, Nurgle",Élite,2,0,5,2,,,,Mugre,Muchedumbre,Daño,,Aquellos que caen en la podredumbre de Nurgle a menudo parecen apreciar la propagación de muerte y enfermedades en grandes cantidades.,,
199,Lady Penélope,,Nurgle,Antagonista,,0,8,2,,,,Mugre,Avance,Putrefacto,"Descarta 2 <i class=""exito""></i> o agota 1 acción",,,
200,Nurglete,,Nurgle,,2,0,3,0,Aplica +1 al ataque de este enemigo por cada #herida que halla sufrido.,,,Pudrir,Avance,Putrefacto,,Aquellos que sobreviven al arañazo de las garras de un Nurglete a menudo sus heridas supuran una enfermedad incurable.,,
201,Nurglete,,Nurgle,,2,0,3,0,Aplica +1 al ataque de este enemigo por cada #herida que halla sufrido.,,,Pudrir,Avance,Putrefacto,,Aquellos que sobreviven al arañazo de las garras de un Nurglete a menudo sus heridas supuran una enfermedad incurable.,,
202,Nurglete,,Nurgle,Élite,2,0,4,1,Aplica +1 al ataque de este enemigo por cada #herida que halla sufrido.,,,Pudrir,Avance,Putrefacto,,Aquellos que sobreviven al arañazo de las garras de un Nurglete a menudo sus heridas supuran una enfermedad incurable.,,
203,Masa de Nurgletes,,Nurgle,Antagonista,,2,6,2,Aplica +1 al ataque de este enemigo por cada #herida que halla sufrido.,,,Pudrir,Avance,Putrefacto,"Sufres el estado <b>Enfermo</b>. Si ya tienes este estado, agota 2 acciones o sufre 2 #herida.",,,
204,Ogro toro,,Ogro,Élite,3,1,5,4,,,,Avance,Daño,Aplastar,,"""Eso como nosotro, garrotes, tripa y colmillos. Mejor no te cruces en nuestro camino, a no ser qeu quiera ser devorao. ¡Oh, si! Y tus huesos nos serviran p'acer pan, ñam, ñam...""",,
205,Ogro toro,,Ogro,,3,1,4,3,,,,Avance,Daño,Aplastar,,"""Eso como nosotro, garrotes, tripa y colmillos. Mejor no te cruces en nuestro camino, a no ser qeu quiera ser devorao. ¡Oh, si! Y tus huesos nos serviran p'acer pan, ñam, ñam...""",,
206,Fanático goblin nocturno,,Piel verde,Élite,2,1,3,2,"Mientras un héroe esté enfrentado a este enemigo, los resultados de cara vacía de los #dadonegro que tire al realizar una acción, cuentan como #impacto.",,,Rapiña,Ataque giratorio,,,,,
207,Fanático goblin nocturno,,Piel verde,,2,0,3,1,"Mientras un héroe esté enfrentado a este enemigo, los resultados de cara vacía de los #dadonegro que tire al realizar una acción, cuentan como #impacto.",,,Rapiña,Ataque giratorio,,,,,
208,Fanático goblin nocturno,,Piel verde,,2,0,3,1,"Mientras un héroe esté enfrentado a este enemigo, los resultados de cara vacía de los #dadonegro que tire al realizar una acción, cuentan como #impacto.",,,Rapiña,Ataque giratorio,,,,,
209,Jikhatai Dienterroto,,Piel verde,Antagonista,,1,7,2,"Cuando este enemigo cause al menos 1 #herida a un héroe, descarta 1 de Progresión del lugar activo.",,,Daño,Rapiña,Daño,Este enemigo se enfrenta al héroe que tenga má acciones agotadas. Al final de la ronda coloca este enemigo en la guarida del antagonista.,,,
210,Jinete araña,,Piel verde,Élite,2,1,3,2,,,,Avance,Daño,Aguijón,,"""¿Quién fue el desgraciado que les enseñó a domesticar arañas?""- Rompehierros enano",,
211,Jinete araña,,Piel verde,,2,0,3,1,,,,Avance,Daño,Aguijón,,"""¿Quién fue el desgraciado que les enseñó a domesticar arañas?""- Rompehierros enano",,
212,Jinete araña,,Piel verde,,2,0,3,1,,,,Avance,Daño,Aguijón,,"""¿Quién fue el desgraciado que les enseñó a domesticar arañas?""- Rompehierros enano",,
213,Jinete de garrapato,,Piel verde,Élite,2,1,2,4,Este enemigo solamente puede agotarse despúes de activarse.,Este enemigo no puede ser objetivo de Ataques a distancia,,Rapiña,Laceración,,,,,
214,Jinete de garrapato,,Piel verde,,2,0,2,3,Este enemigo solamente puede agotarse despúes de activarse.,Este enemigo no puede ser objetivo de Ataques a distancia,,Rapiña,Laceración,,,,,
215,Jinete de jabalí,,Piel verde,Élite,3,2,6,3,,,,Incursión,,,,"""Desde hace tanto como cualquier orko pueda recordar, el jabalí de guerra ha sido la montura favorita de los chicoz de tdoos los clanez.""",,
216,Jinete de jabalí,,Piel verde,,3,1,6,2,,,,Incursión,,,,"""Desde hace tanto como cualquier orko pueda recordar, el jabalí de guerra ha sido la montura favorita de los chicoz de tdoos los clanez.""",,
217,Jinete de jabalí,,Piel verde,,3,1,6,2,,,,Incursión,,,,"""Desde hace tanto como cualquier orko pueda recordar, el jabalí de guerra ha sido la montura favorita de los chicoz de tdoos los clanez.""",,
218,Jinete cabalga lobos,,Piel verde,Élite,2,1,4,2,,,,Incursión,Laceración,,,,,
219,Jinete cabalga lobos,,Piel verde,,2,0,4,2,,,,Incursión,,,,"""Los jinetes de lobo goblin son el azote de los pueblos y aldeas de la periferia del Imperio.""",,
220,Jinete cabalga lobos,,Piel verde,,2,0,4,2,,,,Incursión,,,,"""Los jinetes de lobo goblin son el azote de los pueblos y aldeas de la periferia del Imperio.""",,
221,Pastores de garrapatos,,Piel verde,Élite,2,1,4,4,,,,Avance,Voracidad,Daño,,"""Los pastores de garrapatos suelen ser un improvisado alimento para sus propios rebaños.""",,
222,Pastores de garrapatos,,Piel verde,,2,0,3,4,,,,Avance,Voracidad,Daño,,"""Los pastores de garrapatos suelen ser un improvisado alimento para sus propios rebaños.""",,
223,Pastores de garrapatos,,Piel verde,,2,0,3,4,,,,Avance,Voracidad,Daño,,"""Los pastores de garrapatos suelen ser un improvisado alimento para sus propios rebaños.""",,
224,Skarsnik,,Piel verde,Antagonista,,2,15,2,"Al inicio de la fase de Enemigos, todos los enemigos recuperan 1 #herida.",,,Retirada,Rayo verde,,"Ignora todos los <i class=""ataque""></i> obtenidos hasta ahora en la tirada.",,,
225,Snotlings,,Piel verde,Élite,1,0,5,1,,,,Avance,Cobardía,,,"""Los snotlings son los mas pequeños de todos los pieles verdes. Despreciados por sus parientes mayores, son usados como carne de cañon o alimento para garrapatos.""",,
226,Snotlings,,Piel verde,,1,0,4,1,,,,Avance,Cobardía,,,"""Los snotlings son los mas pequeños de todos los pieles verdes. Despreciados por sus parientes mayores, son usados como carne de cañon o alimento para garrapatos.""",,
227,Snotlings,,Piel verde,,1,0,4,1,,,,Avance,Cobardía,,,"""Los snotlings son los mas pequeños de todos los pieles verdes. Despreciados por sus parientes mayores, son usados como carne de cañon o alimento para garrapatos.""",,
228,Urko Muchofilo,,Piel verde,Antagonista,,3,12,3,Este enemigo no puede sufrir más de 4 #herida durante la misma ronda.,,,Desafío brutal,,,Este enemigo recupera 3 #herida.,,,
229,Fanático goblin,,Piel verde,Élite,2,0,3,2,,,,Avance,Daño,Aturdir,,"""Los fanáticos bebe el mortal brebaje del hongo Zeta Zombreroloko, lo que les lleva a un estado de total locura.""",,
230,Fanático goblin,,Piel verde,,2,0,2,2,,,,Avance,Daño,Aturdir,,"""Los fanáticos bebe el mortal brebaje del hongo Zeta Zombreroloko, lo que les lleva a un estado de total locura.""",,
231,Fanático goblin,,Piel verde,,2,0,2,2,,,,Avance,Daño,Aturdir,,"""Los fanáticos bebe el mortal brebaje del hongo Zeta Zombreroloko, lo que les lleva a un estado de total locura.""",,
232,Garak Zaar,,Piel verde,Antagonista,,1,6,3,<b>Golpe Preciso:</b> Este enemigo usa una espada mágica que rara vez falla. Un héroe enfrentado a éste enemigo debe volver a tirar cualquer #dadonegro con resultado de cara en blanco. En nuevo resultado se aplicará en su lugar.,,,Daño,Retirada,,Aparece un enemigo desde el mazo de Goblins en las sombras.,,,
233,Grump el Odioso,,Piel verde,Antagonista,,1,6,2,,,,Daño,Rapiña,,Reparte 2 Heridas entre el grupo.,,,
234,Guerrero alimaña,,Skaven,Élite,2,2,3,2,,,,Avance,Daño,,,"""Las alimañas son guerreros de élite de los clanes de los señores de la guerra skaven. Habitualmente se les distingue de sus compañeros más escualidos porque sobresalen una cabeza por encima de ellos, con cuellos gruesos y una constitución fuerte. La mayoría de alimañas se distinguen en cuanto nacen, ya que su tamaño y color de pelaje más oscuro las hace inconfundibles.""",,
235,Guerrero alimaña,,Skaven,,2,1,3,2,,,,Avance,Daño,,,"""Las alimañas son guerreros de élite de los clanes de los señores de la guerra skaven. Habitualmente se les distingue de sus compañeros más escualidos porque sobresalen una cabeza por encima de ellos, con cuellos gruesos y una constitución fuerte. La mayoría de alimañas se distinguen en cuanto nacen, ya que su tamaño y color de pelaje más oscuro las hace inconfundibles.""",,
236,Guerrero alimaña,,Skaven,,2,1,3,2,,,,Avance,Daño,,,"""Las alimañas son guerreros de élite de los clanes de los señores de la guerra skaven. Habitualmente se les distingue de sus compañeros más escualidos porque sobresalen una cabeza por encima de ellos, con cuellos gruesos y una constitución fuerte. La mayoría de alimañas se distinguen en cuanto nacen, ya que su tamaño y color de pelaje más oscuro las hace inconfundibles.""",,
237,Horda de esclavos,,Skaven,,3,0,5,3,Este enemigo solamente puede agotarse después de activarse.,,,Avance,,,,"""La función de los esclavos en una batalla es, en primer lugar, desmoralizar al enemigo al aumentar el tamaño total del ejército. En segundo lugar, los esclavos se usan en masa para absorver el fuego de proyectil enemigo y trabar en combate a los oponentes poderosos, de modo que, para cuando los esclavos hayan sido derrotados, el resto del ejército ya habrá caido sobre ellos.""",,
238,Horda de esclavos,,Skaven,,3,0,5,3,Este enemigo solamente puede agotarse después de activarse.,,,Avance,,,,"""La función de los esclavos en una batalla es, en primer lugar, desmoralizar al enemigo al aumentar el tamaño total del ejército. En segundo lugar, los esclavos se usan en masa para absorver el fuego de proyectil enemigo y trabar en combate a los oponentes poderosos, de modo que, para cuando los esclavos hayan sido derrotados, el resto del ejército ya habrá caido sobre ellos.""",,
239,Horda de esclavos,,Skaven,,3,0,5,3,Este enemigo solamente puede agotarse después de activarse.,,,Avance,,,,"""La función de los esclavos en una batalla es, en primer lugar, desmoralizar al enemigo al aumentar el tamaño total del ejército. En segundo lugar, los esclavos se usan en masa para absorver el fuego de proyectil enemigo y trabar en combate a los oponentes poderosos, de modo que, para cuando los esclavos hayan sido derrotados, el resto del ejército ya habrá caido sobre ellos.""",,
240,Lanzador de viento envenado,,Skaven,Élite,2,1,3,2,,,,Daño,Esfera,Retirada,,"""Las esferas de viento envenenado son orbes de cristal que cuando se rompen, liberan un gas tan peligroso, que el mero contacto con la piel causa graves daños e incluso la muerte.""",,
241,Lanzador de viento envenado,,Skaven,,2,0,3,1,,,,Daño,Esfera,Retirada,,"""Las esferas de viento envenenado son orbes de cristal que cuando se rompen, liberan un gas tan peligroso, que el mero contacto con la piel causa graves daños e incluso la muerte.""",,
242,Lanzador de viento envenado,,Skaven,,2,0,3,1,,,,Daño,Esfera,Retirada,,"""Las esferas de viento envenenado son orbes de cristal que cuando se rompen, liberan un gas tan peligroso, que el mero contacto con la piel causa graves daños e incluso la muerte.""",,
243,Monje de plaga,,Skaven,Élite,1,1,3,1,,,,Avance,Daño,Daño,,"""Los monjes de plaga de clan Pestilens, son fanáticos dedicados en cuerpo y alma a extender la corrupción y la pobredumbre, en nombre de la Gran Rata Cornuda.""",,
244,Monje de plaga,,Skaven,,1,0,3,1,,,,Avance,Daño,Daño,,"""Los monjes de plaga de clan Pestilens, son fanáticos dedicados en cuerpo y alma a extender la corrupción y la pobredumbre, en nombre de la Gran Rata Cornuda.""",,
245,Monje de plaga,,Skaven,,1,0,3,1,,,,Avance,Daño,Daño,,"""Los monjes de plaga de clan Pestilens, son fanáticos dedicados en cuerpo y alma a extender la corrupción y la pobredumbre, en nombre de la Gran Rata Cornuda.""",,
246,Portador de incensario,,Skaven,Élite,1,0,3,2,"Mientras un héroe esté enfrentado a este enemgio, por cada #impacto que obtiene durante la resolución de una acción, sufre 1 #herida sin posibilidad de reducción",,,Avance,Daño,,,"""Sólo los monjes de plaga más fanáticos y enfebrecidos, reciben el honor de portar un incesario de plaga, el arma más mortífera en el arsenal del clan Pestilens.""",,
247,Portador de incensario,,Skaven,,1,0,3,1,"Mientras un héroe esté enfrentado a este enemgio, por cada #impacto que obtiene durante la resolución de una acción, sufre 1 #herida sin posibilidad de reducción",,,Avance,Daño,,,"""Sólo los monjes de plaga más fanáticos y enfebrecidos, reciben el honor de portar un incesario de plaga, el arma más mortífera en el arsenal del clan Pestilens.""",,
248,Portador de incensario,,Skaven,,1,0,3,1,"Mientras un héroe esté enfrentado a este enemgio, por cada #impacto que obtiene durante la resolución de una acción, sufre 1 #herida sin posibilidad de reducción",,,Avance,Daño,,,"""Sólo los monjes de plaga más fanáticos y enfebrecidos, reciben el honor de portar un incesario de plaga, el arma más mortífera en el arsenal del clan Pestilens.""",,
249,Rata ogro,,Skaven,Élite,2,1,5,4,,,,Avance,Estupidez,Daño,,"""Las ratas ogro combinan la velocidad y la ferocidad típica de los skavens, con la fuerza bruta de los ogros.""",,
250,Rata ogro,,Skaven,,2,0,5,3,,,,Avance,Estupidez,Daño,,"""Las ratas ogro combinan la velocidad y la ferocidad típica de los skavens, con la fuerza bruta de los ogros.""",,
251,Rata ogro,,Skaven,,2,0,5,3,,,,Avance,Estupidez,Daño,,"""Las ratas ogro combinan la velocidad y la ferocidad típica de los skavens, con la fuerza bruta de los ogros.""",,
252,Señor de las bestias,,Skaven,Élite,2,1,3,1,,,,Latigazo,Latigazo,Retirada,,"""El látigo es la herramienta favorita de los señores de las bestias, tanto a la hora de combatir como de controlar a las salvajes manadas de criaturas mutantes a su cargo.""",,
253,Señor de las bestias,,Skaven,,2,1,2,1,,,,Latigazo,Latigazo,Retirada,,"""El látigo es la herramienta favorita de los señores de las bestias, tanto a la hora de combatir como de controlar a las salvajes manadas de criaturas mutantes a su cargo.""",,
254,Señor de las bestias,,Skaven,,2,1,2,1,,,,Latigazo,Latigazo,Retirada,,"""El látigo es la herramienta favorita de los señores de las bestias, tanto a la hora de combatir como de controlar a las salvajes manadas de criaturas mutantes a su cargo.""",,
255,Skricht,,Skaven,Antagonista,,1,8,2,,,,Avance,Daño,Puñalada,"El grupo descarta todas sus fichas de Éxito. Si no tienen, reparte 3 #herida entre el grupo.",,,
256,Torturador,,Skaven,Antagonista,,2,12,3,"Mientras este enemigo esté enfrentado a un héroe, este no podrá realizar la acción que tenga boca abajo. Cuando este enemgio abandone la zona de enfrentamiento de un héroe, este pone todas sus acciones boca arriba.",,,Avance,Atrapa-cosas,,"El grupo descarta todas sus fichas de Éxito. Si no tienen, reparte 3 #herida entre el grupo.",,,
257,Ametarradora,,Skaven,Élite,3,2,3,4,"Cuando este enemigo se revela, colócalo en las sombras.",Nadie puede enfrentarse a este enemigo.,,Daño,Acribillar,,,,,
258,Ametarradora,,Skaven,,3,1,3,3,"Cuando este enemigo se revela, colócalo en las sombras.",Nadie puede enfrentarse a este enemigo.,,Daño,Acribillar,,,,,
259,Ametarradora,,Skaven,,3,1,3,3,"Cuando este enemigo se revela, colócalo en las sombras.",Nadie puede enfrentarse a este enemigo.,,Daño,Acribillar,,,,,
260,Asesino del clan Eshin,,Skaven,Élite,3,2,3,4,Este enemigo solamente puede agotarse después de activarse.,,,Daño,Apuñalar,Evasión,,,,
261,Asesino del clan Eshin,,Skaven,,3,2,2,4,Este enemigo solamente puede agotarse después de activarse.,,,Daño,Apuñalar,Evasión,,,,
262,Asesino del clan Eshin,,Skaven,,3,2,2,4,Este enemigo solamente puede agotarse después de activarse.,,,Daño,Apuñalar,Evasión,,,,
263,Lanzallamas de disformidad,,Skaven,Élite,3,2,4,3,,,,Retirada,Fuego disforme,,,"""Ardan cosas-superficie...¡ARDAN!""",,
264,Lanzallamas de disformidad,,Skaven,,3,1,4,2,,,,Retirada,Fuego disforme,,,"""Ardan cosas-superficie...¡ARDAN!""",,
265,"Queek, El Coleccionacabezas",,Skaven,Antagonista,,2,18,3,"Mientras este enemigo esté en juego, todos los demás Skaven aplican +1 a su puntuación de Ataque y Resistencia.",,,Reto,Daño,,"El grupo debe descartar en común 4 <i class=""exito""></i> o aparecen 2 enemigos.",,,
266,"Tsao, La Sombra Asesina",,Skaven,Antagonista,,0,8,2,,,,Daño,Daga bruja,Humo,Sufres 3 #herida.,,,
267,Horda de ratas,,Criatura,,1,0,3,1,,,,Avance,Daño,,,"En la mayoría de las ciudades del Imperio se ofrecen recompensas por los rabos de las ratas. Un buen cazarratas puede ganarse la vida sorprendentemente bien, siempre y cuando evite ser devorado.",,
268,Necrófago,,No muerto,,1,0,2,2,,,,Enfermedad,Avance,,,"""Infaustas criaturas con una insaciable avidez de carne muerta. Son nauseabundas y repugnantes, y pese a ello lo que encuentro más horroroso es que aún están vivas.""",,
269,Ingeniero brujo,,Skaven,Élite,3,1,6,2,,,,Avance,Rayo de disformidad,,,"Su poder es letal para aliados y enemigos por igual, y sus consecuencias son tan devastadoras como impredecibles.",,